Date,CDIAnnual,Master
02/29/2012,0,0
03/01/2012,0.102700393,-0.003936341
03/02/2012,0.102700393,0.00929875
03/05/2012,0.1026004,0.0048251
03/06/2012,0.1026004,-0.005492506
03/07/2012,0.102500415,-0.005861072
03/08/2012,0.102200515,0.008516471
03/09/2012,0.095300371,0.023847059
03/12/2012,0.095098971,-0.002128741
03/13/2012,0.094801076,-0.002592205
03/14/2012,0.094599768,-0.007622759
03/15/2012,0.094500506,0.010501908
03/16/2012,0.094500506,-0.032774412
03/19/2012,0.094900366,0.000367774
03/20/2012,0.094801076,-0.002849301
03/21/2012,0.094801076,0.011384611
03/22/2012,0.094801076,0.003943663
03/23/2012,0.094801076,0.002749805
03/26/2012,0.095201046,-0.005462159
03/27/2012,0.094900366,-0.006977471
03/28/2012,0.094900366,-0.006938566
03/29/2012,0.094801076,0.006181771
03/30/2012,0.094801076,-0.003168245
04/02/2012,0.095201046,-0.007778599
04/03/2012,0.094999664,0.009335525
04/04/2012,0.094999664,-0.000911182
04/05/2012,0.095300371,0.008028677
04/09/2012,0.095201046,0.002056773
04/10/2012,0.094999664,-0.0049891
04/11/2012,0.095201046,0.003683968
04/12/2012,0.094900366,0.000457019
04/13/2012,0.094801076,-0.001141022
04/16/2012,0.094801076,0.004564334
04/17/2012,0.094699039,0.000102091
04/18/2012,0.094599768,0.013725905
04/19/2012,0.094699039,0.014296196
04/20/2012,0.087199115,0.033262006
04/23/2012,0.087300457,-0.00838985
04/24/2012,0.087700437,-0.006404071
04/25/2012,0.087199115,0.000724591
04/26/2012,0.087199115,0.004060416
04/27/2012,0.087199115,0.005593093
04/30/2012,0.087300457,0.006799459
05/02/2012,0.086999199,0.009003313
05/03/2012,0.087599058,0.030170312
05/04/2012,0.087599058,0.005966594
05/07/2012,0.087100522,0.012317444
05/08/2012,0.087100522,0.002628988
05/09/2012,0.086900623,0.009532816
05/10/2012,0.086900623,0.008539736
05/11/2012,0.086799319,-0.006100506
05/14/2012,0.086799319,0.014201062
05/15/2012,0.086301147,0.017520826
05/16/2012,0.087199115,0.005715914
05/17/2012,0.087300457,0.002011943
05/18/2012,0.087399068,0.004159827
05/21/2012,0.087599058,0.011350391
05/22/2012,0.087300457,0.001459406
05/23/2012,0.087700437,-0.01268048
05/24/2012,0.087799084,-0.013905707
05/25/2012,0.087799084,-0.012263241
05/28/2012,0.087900482,-0.011572354
05/29/2012,0.087799084,-0.001860594
05/30/2012,0.087900482,0.008790821
05/31/2012,0.088100563,-0.003336541
06/01/2012,0.083300518,-0.000494491
06/04/2012,0.083398768,0.01686685
06/05/2012,0.083499757,0.00410161
06/06/2012,0.083600755,-0.002808934
06/08/2012,0.083199548,0.004402426
06/11/2012,0.083600755,-0.001162702
06/12/2012,0.083199548,0.001076214
06/13/2012,0.083398768,-0.002253939
06/14/2012,0.083499757,0.012847037
06/15/2012,0.083398768,-0.001712844
06/18/2012,0.083199548,-0.001863193
06/19/2012,0.083499757,0.008852146
06/20/2012,0.083199548,-0.003276164
06/21/2012,0.083699033,0.001414271
06/22/2012,0.083800049,0.004140101
06/25/2012,0.083600755,0.001421613
06/26/2012,0.083800049,0.008953066
06/27/2012,0.083499757,0.001668039
06/28/2012,0.083699033,0.001518716
06/29/2012,0.083600755,0.010098161
07/02/2012,0.083800049,-0.014851599
07/03/2012,0.083600755,-0.002480651
07/04/2012,0.083600755,-0.009596051
07/05/2012,0.083699033,-0.01354071
07/06/2012,0.083600755,-0.002514567
07/09/2012,0.083398768,-0.000158755
07/10/2012,0.083600755,-0.003346925
07/11/2012,0.083199548,0.005540797
07/12/2012,0.083000364,0.002945224
07/13/2012,0.078499828,-0.005745337
07/16/2012,0.078298789,-0.002018193
07/17/2012,0.078499828,-0.002964931
07/18/2012,0.078200999,-0.01125441
07/19/2012,0.078000015,0.002706402
07/20/2012,0.078298789,0.008605573
07/23/2012,0.078399304,-0.005442211
07/24/2012,0.078399304,0.007522301
07/25/2012,0.078200999,0.001092653
07/26/2012,0.078399304,-0.005426186
07/27/2012,0.078100502,-0.021461557
07/30/2012,0.077899537,-0.010327236
07/31/2012,0.078298789,0.000868138
08/01/2012,0.078298789,0.003103355
08/02/2012,0.078298789,0.004114358
08/03/2012,0.078200999,-0.001448798
08/06/2012,0.078298789,-0.005394938
08/07/2012,0.078200999,-0.008599137
08/08/2012,0.078200999,0.004503421
08/09/2012,0.078200999,0.008040693
08/10/2012,0.078200999,0.000936688
08/13/2012,0.078200999,-0.004367935
08/14/2012,0.078000015,0.006903813
08/15/2012,0.078298789,-0.000738282
08/16/2012,0.078298789,-0.005312537
08/17/2012,0.078200999,-0.014501991
08/20/2012,0.078399304,0.003090196
08/21/2012,0.078499828,-0.007871227
08/22/2012,0.078200999,0.000564528
08/23/2012,0.078100502,-0.024036824
08/24/2012,0.078100502,-0.001500545
08/27/2012,0.078200999,0.001099638
08/28/2012,0.078298789,0.000675592
08/29/2012,0.078298789,-0.001101673
08/30/2012,0.078200999,-0.000947924
08/31/2012,0.073798777,0.002066063
09/03/2012,0.073798777,-0.000636346
09/04/2012,0.074099097,0.002696983
09/05/2012,0.073898874,-0.002058131
09/06/2012,0.073898874,-0.002062076
09/10/2012,0.073898874,-0.003516607
09/11/2012,0.073798777,-0.007198749
09/12/2012,0.073698689,0.000959006
09/13/2012,0.073601315,-0.005889471
09/14/2012,0.073601315,-0.0022405
09/17/2012,0.073501245,0.00384223
09/18/2012,0.073401185,-0.000373735
09/19/2012,0.073301133,-0.000538967
09/20/2012,0.073301133,0.001088216
09/21/2012,0.073501245,-0.001138424
09/24/2012,0.073501245,-0.002755013
09/25/2012,0.073501245,-0.000356406
09/26/2012,0.073798777,-0.002971479
09/27/2012,0.073698689,-0.002458733
09/28/2012,0.073601315,-0.00044835
10/01/2012,0.073601315,-0.005575901
10/02/2012,0.073601315,0.000500503
10/03/2012,0.073501245,0.000190394
10/04/2012,0.073601315,0.000255499
10/05/2012,0.073601315,0.003750154
10/08/2012,0.073601315,0.018827788
10/09/2012,0.073601315,-0.008457736
10/10/2012,0.073501245,0.00467827
10/11/2012,0.073301133,-0.006879415
10/15/2012,0.07040099,0.001185504
10/16/2012,0.07040099,0.001134916
10/17/2012,0.070500772,0.000672813
10/18/2012,0.070600563,-0.001069221
10/19/2012,0.070800173,-0.003083659
10/22/2012,0.070800173,-0.005285546
10/23/2012,0.071199505,-0.001456242
10/24/2012,0.071199505,-0.004523288
10/25/2012,0.071299361,-0.00386247
10/26/2012,0.071099658,-0.008525441
10/29/2012,0.070899992,0.000319533
10/30/2012,0.070800173,-0.004947657
10/31/2012,0.070700364,-0.00015938
11/01/2012,0.070899992,-0.003340191
11/05/2012,0.071099658,-0.000792277
11/06/2012,0.071199505,-0.000476665
11/07/2012,0.071199505,-0.000318198
11/08/2012,0.071299361,0.000315953
11/09/2012,0.070899992,0.003571071
11/12/2012,0.070899992,0.000582917
11/13/2012,0.070700364,0.005990662
11/14/2012,0.070600563,0.001739251
11/16/2012,0.070600563,-0.000235742
11/19/2012,0.070500772,0.003505815
11/20/2012,0.070301218,-0.000158755
11/21/2012,0.070099004,0.00402508
11/22/2012,0.069899524,0.016052051
11/23/2012,0.070899992,-0.002136464
11/26/2012,0.071199505,-0.01672579
11/27/2012,0.071299361,-0.004386194
11/28/2012,0.071199505,-0.003797516
11/29/2012,0.071099658,0.009983332
11/30/2012,0.070700364,0.018109278
12/03/2012,0.070600563,0.025565782
12/04/2012,0.070700364,-0.003281995
12/05/2012,0.070700364,0.0004735
12/06/2012,0.070600563,-0.012211936
12/07/2012,0.070500772,0.029237651
12/10/2012,0.07040099,-0.028351612
12/11/2012,0.070099004,-0.00799705
12/12/2012,0.069700082,-0.002600497
12/13/2012,0.069700082,0.005819955
12/14/2012,0.069500676,-0.003157692
12/17/2012,0.06899963,0.001070887
12/18/2012,0.068899987,0.000231664
12/19/2012,0.06870073,0.005200818
12/20/2012,0.068399222,-0.000606405
12/21/2012,0.068498818,-0.021358436
12/24/2012,0.06870073,-0.000158756
12/26/2012,0.06870073,-0.003604487
12/27/2012,0.06899963,0.008506839
12/28/2012,0.06899963,0.002224153
12/31/2012,0.06899963,-0.000158755
01/02/2013,0.06899963,0.006690772
01/03/2013,0.069198943,-0.001025488
01/04/2013,0.069198943,0.009178328
01/07/2013,0.069301307,0.001189899
01/08/2013,0.069198943,0.006337455
01/09/2013,0.069099282,-0.010036611
01/10/2013,0.06899963,0.000940775
01/11/2013,0.069099282,0.00476225
01/14/2013,0.069198943,-0.0087898
01/15/2013,0.069301307,0.003820827
01/16/2013,0.069400987,-0.000392734
01/17/2013,0.069400987,-0.010785395
01/18/2013,0.069400987,0.003201213
01/21/2013,0.069198943,-0.004968013
01/22/2013,0.069301307,0.002697994
01/23/2013,0.069301307,-0.001792821
01/24/2013,0.069301307,0.002790802
01/25/2013,0.069301307,-0.000158755
01/28/2013,0.069400987,0.005506127
01/29/2013,0.069400987,0.020910291
01/30/2013,0.069500676,0.011107032
01/31/2013,0.069500676,-0.002263254
02/01/2013,0.069500676,-0.00155875
02/04/2013,0.069500676,-0.003719895
02/05/2013,0.069600374,-0.000673678
02/06/2013,0.069600374,0.003698621
02/07/2013,0.069600374,0.004199323
02/08/2013,0.069500676,0.013974429
02/13/2013,0.069500676,-0.009096095
02/14/2013,0.069500676,-0.000731538
02/15/2013,0.069400987,0.000885791
02/18/2013,0.069400987,-0.004122128
02/19/2013,0.069400987,0.005142049
02/20/2013,0.069301307,-0.00070675
02/21/2013,0.069500676,-0.003206995
02/22/2013,0.069500676,-0.009718648
02/25/2013,0.069600374,0.018568229
02/26/2013,0.06999926,-0.014133044
02/27/2013,0.069799798,-0.001597573
02/28/2013,0.069799798,-0.0080071
03/01/2013,0.069799798,-0.01194599
03/04/2013,0.069799798,-0.006428066
03/05/2013,0.069899524,0.000597723
03/06/2013,0.069899524,0.001510948
03/07/2013,0.069899524,-0.001693204
03/08/2013,0.069899524,0.009970726
03/11/2013,0.069899524,0.015587754
03/12/2013,0.069899524,-0.015628199
03/13/2013,0.069899524,0.010919405
03/14/2013,0.069899524,-0.00101433
03/15/2013,0.069899524,-0.01266738
03/18/2013,0.069899524,-0.004067744
03/19/2013,0.069899524,0.000205069
03/20/2013,0.069899524,-0.006225646
03/21/2013,0.069899524,0.006510991
03/22/2013,0.069899524,0.00163692
03/25/2013,0.069899524,-0.00208589
03/26/2013,0.069899524,-0.002367685
03/27/2013,0.069899524,0.002072655
03/28/2013,0.069899524,-0.014177272
04/01/2013,0.070099004,0.003198948
04/02/2013,0.070198758,0.000770429
04/03/2013,0.070198758,0.001987325
04/04/2013,0.070099004,0.003138616
04/05/2013,0.070099004,-0.005253483
04/08/2013,0.070099004,-0.013661398
04/09/2013,0.070099004,-0.000241915
04/10/2013,0.070099004,-0.003367551
04/11/2013,0.070099004,-0.003575682
04/12/2013,0.070099004,0.00269192
04/15/2013,0.070099004,0.027909697
04/16/2013,0.070099004,0.002299188
04/17/2013,0.06999926,0.002378698
04/18/2013,0.06999926,-0.003111482
04/19/2013,0.072401091,-0.048616021
04/22/2013,0.072401091,-0.001713839
04/23/2013,0.072401091,-0.004929171
04/24/2013,0.072401091,-0.000235563
04/25/2013,0.072401091,-0.003871622
04/26/2013,0.072401091,-0.000643795
04/29/2013,0.072301133,0.002031534
04/30/2013,0.072301133,0.001793398
05/02/2013,0.072301133,-0.000160911
05/03/2013,0.072301133,-0.003748029
05/06/2013,0.072301133,-0.003677136
05/07/2013,0.072401091,0.001751791
05/08/2013,0.072401091,-0.000964169
05/09/2013,0.072301133,-0.003278568
05/10/2013,0.072401091,-0.001118841
05/13/2013,0.072301133,-0.000796342
05/14/2013,0.072201184,-0.000322878
05/15/2013,0.072201184,-0.000644193
05/16/2013,0.072201184,-0.003176073
05/17/2013,0.072201184,-0.000198339
05/20/2013,0.072201184,0.003032448
05/21/2013,0.072201184,-0.00115091
05/22/2013,0.072201184,-0.001380887
05/23/2013,0.072201184,0.002191466
05/24/2013,0.072201184,-0.006325079
05/27/2013,0.072201184,0.003002914
05/28/2013,0.072201184,0.007720033
05/29/2013,0.072201184,0.008118537
05/31/2013,0.072201184,0.032531784
06/03/2013,0.077199165,0.059240108
06/04/2013,0.077199165,-0.013751081
06/05/2013,0.077199165,8.76101E-06
06/06/2013,0.077199165,0.001896527
06/07/2013,0.077199165,0.002822913
06/10/2013,0.077199165,0.009173334
06/11/2013,0.077199165,0.003968187
06/12/2013,0.077199165,0.008890792
06/13/2013,0.077199165,0.007110151
06/14/2013,0.077199165,-0.005684408
06/17/2013,0.077199165,0.009128616
06/18/2013,0.077199165,0.022469424
06/19/2013,0.077199165,0.000918795
06/20/2013,0.077199165,0.009018033
06/21/2013,0.077199165,0.028981048
06/24/2013,0.077199165,0.013593157
06/25/2013,0.077199165,-0.022627498
06/26/2013,0.077199165,-0.005979206
06/27/2013,0.077199165,-0.005089791
06/28/2013,0.077199165,0.000111499
07/01/2013,0.077199165,0.016315235
07/02/2013,0.077199165,-0.001633959
07/03/2013,0.077199165,-0.005426333
07/04/2013,0.077199165,0.006350015
07/05/2013,0.077199165,-0.005980943
07/08/2013,0.077199165,-0.003977769
07/09/2013,0.077199165,-0.000158755
07/10/2013,0.077199165,0.003471702
07/11/2013,0.077199165,0.005357878
07/12/2013,0.082201267,-0.013249831
07/15/2013,0.082201267,0.016730633
07/16/2013,0.082201267,-0.010437402
07/17/2013,0.082201267,0.018430878
07/18/2013,0.082201267,0.003184097
07/19/2013,0.082201267,0.007612099
07/22/2013,0.082201267,0.004060736
07/23/2013,0.082201267,0.006386795
07/24/2013,0.082201267,0.006924375
07/25/2013,0.082201267,-0.003205893
07/26/2013,0.082201267,-0.001591789
07/29/2013,0.082201267,-0.000809774
07/30/2013,0.082201267,-0.001755219
07/31/2013,0.082201267,-0.003821161
08/01/2013,0.082201267,0.005855949
08/02/2013,0.082299418,0.006028624
08/05/2013,0.082299418,-0.003616563
08/06/2013,0.082201267,0.001331905
08/07/2013,0.082201267,-0.000665487
08/08/2013,0.082201267,-0.002377323
08/09/2013,0.082201267,-0.012270563
08/12/2013,0.082201267,-0.007044951
08/13/2013,0.082201267,0.013761531
08/14/2013,0.082201267,0.013522925
08/15/2013,0.082201267,-0.003659795
08/16/2013,0.082201267,0.020926596
08/19/2013,0.082201267,0.039561358
08/20/2013,0.082201267,0.019672372
08/21/2013,0.082201267,-0.015818411
08/22/2013,0.082201267,0.014719362
08/23/2013,0.082201267,0.015792634
08/26/2013,0.082201267,-0.044464577
08/27/2013,0.082201267,0.019427535
08/28/2013,0.082201267,-0.005760152
08/29/2013,0.082201267,-0.01358365
08/30/2013,0.087199115,0.02831873
09/02/2013,0.087199115,0.002007974
09/03/2013,0.087199115,0.001380244
09/04/2013,0.087199115,0.001585532
09/05/2013,0.087199115,0.002314211
09/06/2013,0.087199115,-0.016656942
09/09/2013,0.087199115,-0.004430292
09/10/2013,0.087199115,1.01999E-05
09/11/2013,0.087199115,-0.004577193
09/12/2013,0.087199115,-0.002765223
09/13/2013,0.087199115,0.004979458
09/16/2013,0.087199115,0.004628395
09/17/2013,0.087199115,0.005409856
09/18/2013,0.087199115,-0.001940279
09/19/2013,0.087199115,-0.004843455
09/20/2013,0.087100522,-0.003874847
09/23/2013,0.086999199,-0.001778912
09/24/2013,0.086999199,0.002780994
09/25/2013,0.086999199,0.004797902
09/26/2013,0.088100563,-0.003200871
09/27/2013,0.087199115,-0.005022629
09/30/2013,0.087100522,0.001003225
10/01/2013,0.087100522,0.007706931
10/02/2013,0.087100522,0.004870624
10/03/2013,0.086999199,0.008775908
10/04/2013,0.086999199,-0.002112973
10/07/2013,0.088300681,0.001502726
10/08/2013,0.088100563,0.004141663
10/09/2013,0.088100563,-0.005438877
10/10/2013,0.088500836,0.004762116
10/11/2013,0.093599286,0.010882506
10/14/2013,0.0931999,-0.000516554
10/15/2013,0.093500115,-0.00527436
10/16/2013,0.093500115,-0.001313587
10/17/2013,0.093500115,0.006359867
10/18/2013,0.093500115,0.014614456
10/21/2013,0.0931999,-0.003874695
10/22/2013,0.093500115,0.004720874
10/23/2013,0.093500115,-0.006032442
10/24/2013,0.0931999,-0.007171617
10/25/2013,0.0931999,-0.007865847
10/28/2013,0.0931999,-0.002731376
10/29/2013,0.0931999,-0.00065998
10/30/2013,0.0931999,-0.002293641
10/31/2013,0.0931999,0.013314067
11/01/2013,0.0931999,-0.003592073
11/04/2013,0.0931999,0.005020898
11/05/2013,0.092800658,0.007067868
11/06/2013,0.092800658,0.002738296
11/07/2013,0.092800658,0.012546809
11/08/2013,0.092800658,0.003784975
11/11/2013,0.092800658,0.005150957
11/12/2013,0.092800658,0.009446996
11/13/2013,0.092800658,-0.010996617
11/14/2013,0.092800658,-0.002502677
11/18/2013,0.092800658,-0.007466834
11/19/2013,0.092800658,-0.031053316
11/20/2013,0.092800658,-0.000158756
11/21/2013,0.092800658,-0.000309813
11/22/2013,0.092800658,0.018270227
11/25/2013,0.092800658,-0.005717582
11/26/2013,0.092800658,-0.001503945
11/27/2013,0.092800658,0.007567917
11/28/2013,0.092800658,0.007349978
11/29/2013,0.097700697,-0.004992079
12/02/2013,0.097700697,0.002055251
12/03/2013,0.097700697,0.005479783
12/04/2013,0.097700697,0.002685711
12/05/2013,0.097700697,0.009572228
12/06/2013,0.097700697,-0.006452195
12/09/2013,0.097601155,-0.009912667
12/10/2013,0.098500125,-0.004083237
12/11/2013,0.097700697,0.002635338
12/12/2013,0.097700697,0.006405868
12/13/2013,0.097700697,-0.001153289
12/16/2013,0.097700697,-0.003086447
12/17/2013,0.098500125,0.000476182
12/18/2013,0.097700697,0.003398988
12/19/2013,0.097700697,0.004147458
12/20/2013,0.097700697,0.003774788
12/23/2013,0.097700697,0.007101804
12/24/2013,0.097700697,-0.000158755
12/26/2013,0.097700697,-0.002343236
12/27/2013,0.097700697,-0.003808813
12/30/2013,0.097700697,0.010824629
12/31/2013,0.097700697,-0.000158755
01/02/2014,0.097700697,-0.003501001
01/03/2014,0.097700697,0.007432793
01/06/2014,0.097700697,-0.007536651
01/07/2014,0.097700697,-0.005867997
01/08/2014,0.097700697,-0.000444238
01/09/2014,0.097700697,0.000393012
01/10/2014,0.097700697,0.00907187
01/13/2014,0.097700697,-0.015156713
01/14/2014,0.097700697,0.003156215
01/15/2014,0.097700697,-0.000843143
01/16/2014,0.097700697,-0.005497382
01/17/2014,0.102700393,0.037688099
01/20/2014,0.103400602,-0.009227014
01/21/2014,0.103500668,0.01214956
01/22/2014,0.103500668,0.005971061
01/23/2014,0.102700393,-0.00022961
01/24/2014,0.102700393,0.006802904
01/27/2014,0.102700393,-0.001419449
01/28/2014,0.102700393,0.007812854
01/29/2014,0.102700393,0.003836174
01/30/2014,0.102700393,0.020773324
01/31/2014,0.102700393,0.005724819
02/03/2014,0.102700393,0.004517958
02/04/2014,0.102700393,0.008318874
02/05/2014,0.102900408,-0.016510911
02/06/2014,0.102900408,-0.008004514
02/07/2014,0.102900408,-0.002696847
02/10/2014,0.102900408,-0.006942115
02/11/2014,0.102900408,-0.006548685
02/12/2014,0.102900408,0.006274989
02/13/2014,0.102900408,0.01186511
02/14/2014,0.102900408,-0.00547045
02/17/2014,0.102900408,-0.007336385
02/18/2014,0.102900408,-0.013028376
02/19/2014,0.102900408,0.003581635
02/20/2014,0.102900408,0.006562179
02/21/2014,0.102900408,0.00708542
02/24/2014,0.102900408,-0.000389334
02/25/2014,0.102900408,0.001185962
02/26/2014,0.102900408,0.005040959
02/27/2014,0.103500668,-0.000120158
02/28/2014,0.105899392,0.0216228
03/05/2014,0.105899392,-0.002789676
03/06/2014,0.105501101,0.008009563
03/07/2014,0.105501101,0.004238254
03/10/2014,0.105501101,-0.006785241
03/11/2014,0.105501101,-0.004130154
03/12/2014,0.105501101,-0.005991385
03/13/2014,0.105501101,0.0041977
03/14/2014,0.105501101,-0.001372494
03/17/2014,0.105501101,0.000529333
03/18/2014,0.105501101,-0.004721341
03/19/2014,0.105501101,-0.001649819
03/20/2014,0.105899392,-0.001222101
03/21/2014,0.105899392,-0.00977678
03/24/2014,0.105899392,-0.005179003
03/25/2014,0.105899392,0.006269833
03/26/2014,0.105899392,-0.002204526
03/27/2014,0.105899392,-0.001016368
03/28/2014,0.105501101,0.005704397
03/31/2014,0.105501101,-0.0010326
04/01/2014,0.105501101,0.001447671
04/02/2014,0.105501101,0.001251653
04/03/2014,0.105501101,-0.002436687
04/04/2014,0.107999048,-0.000593437
04/07/2014,0.107999048,0.018110527
04/08/2014,0.107999048,-0.002360022
04/09/2014,0.107999048,-0.001338942
04/10/2014,0.107999048,0.002941992
04/11/2014,0.107999048,0.000939843
04/14/2014,0.107999048,-0.00865898
04/15/2014,0.107999048,-0.003899587
04/16/2014,0.107999048,-0.002940372
04/17/2014,0.107999048,-0.004379282
04/22/2014,0.107999048,0.000849906
04/23/2014,0.107999048,0.004436584
04/24/2014,0.107999048,0.004939022
04/25/2014,0.107999048,0.004413916
04/28/2014,0.107999048,-0.009572258
04/29/2014,0.107999048,0.011481534
04/30/2014,0.107999048,-0.011539479
05/02/2014,0.107999048,-0.007915324
05/05/2014,0.107999048,0.006156423
05/06/2014,0.107999048,-0.008528538
05/07/2014,0.107999048,0.005700552
05/08/2014,0.107999048,-0.001909194
05/09/2014,0.107999048,-0.003163113
05/12/2014,0.107999048,-0.004099001
05/13/2014,0.107999048,-0.004520397
05/14/2014,0.107999048,0.007072865
05/15/2014,0.107999048,0.005474194
05/16/2014,0.107999048,-0.00359865
05/19/2014,0.107999048,0.006544535
05/20/2014,0.107999048,-0.006608948
05/21/2014,0.107999048,-0.001369112
05/22/2014,0.107999048,0.005086665
05/23/2014,0.107999048,-0.000487519
05/26/2014,0.107999048,-0.006104619
05/27/2014,0.107999048,-0.00054464
05/28/2014,0.107999048,-0.009227103
05/29/2014,0.107999048,0.002325073
05/30/2014,0.107999048,0.011464738
06/02/2014,0.107999048,0.009541118
06/03/2014,0.107999048,0.002187803
06/04/2014,0.107999048,-0.002688532
06/05/2014,0.107999048,-0.000253689
06/06/2014,0.107999048,0.00434724
06/09/2014,0.107999048,0.00144606
06/10/2014,0.108401027,-0.002178479
06/11/2014,0.107999048,-0.008681461
06/12/2014,0.107999048,-0.000158756
06/13/2014,0.107999048,0.005298505
06/16/2014,0.107999048,0.004341776
06/17/2014,0.107999048,0.002055544
06/18/2014,0.107999048,0.007088606
06/20/2014,0.107999048,0.001151754
06/23/2014,0.107999048,0.000814437
06/24/2014,0.107999048,-0.000128782
06/25/2014,0.107999048,-0.002679128
06/26/2014,0.107999048,0.000104043
06/27/2014,0.107999048,-0.003200607
06/30/2014,0.107999048,0.00360254
07/01/2014,0.107999048,0.004360168
07/02/2014,0.107999048,0.012864188
07/03/2014,0.107999048,-0.000111602
07/04/2014,0.107999048,-0.000990632
07/07/2014,0.107999048,0.005571536
07/08/2014,0.107999048,-0.004771445
07/09/2014,0.107999048,-0.000158755
07/10/2014,0.107999048,0.001418264
07/11/2014,0.107999048,-0.006880286
07/14/2014,0.107999048,-0.000411146
07/15/2014,0.107999048,0.00662401
07/16/2014,0.107999048,-0.004435717
07/17/2014,0.107999048,0.010525459
07/18/2014,0.107999048,0.009480436
07/21/2014,0.107999048,-0.008056442
07/22/2014,0.107999048,-0.002493093
07/23/2014,0.107999048,0.005508874
07/24/2014,0.107999048,-0.006854338
07/25/2014,0.107999048,-0.018733298
07/28/2014,0.107999048,0.001837506
07/29/2014,0.107999048,0.000620338
07/30/2014,0.107999048,3.21117E-05
07/31/2014,0.107999048,-0.002803665
08/01/2014,0.107999048,-0.001286265
08/04/2014,0.107999048,-0.008297756
08/05/2014,0.108099529,0.0039432
08/06/2014,0.108099529,0.025777778
08/07/2014,0.108099529,-0.007166782
08/08/2014,0.108099529,0.005235574
08/11/2014,0.108099529,-0.008510044
08/12/2014,0.108099529,-0.012956155
08/13/2014,0.108099529,0.003551354
08/14/2014,0.108099529,0.005185774
08/15/2014,0.108099529,-0.005488472
08/18/2014,0.108200019,-0.004573139
08/19/2014,0.108099529,-0.002643846
08/20/2014,0.108099529,-0.001024551
08/21/2014,0.108401027,-0.009568563
08/22/2014,0.108200019,0.001264051
08/25/2014,0.108099529,0.002252352
08/26/2014,0.108401027,0.00426957
08/27/2014,0.108401027,-0.00134581
08/28/2014,0.108099529,0.002846105
08/29/2014,0.108401027,0.001604545
09/01/2014,0.108099529,-0.005241561
09/02/2014,0.108099529,-0.009413351
09/03/2014,0.108099529,-0.001937581
09/04/2014,0.108099529,0.004494156
09/05/2014,0.108099529,-0.005174969
09/08/2014,0.108099529,-0.007087969
09/09/2014,0.108099529,-0.006964924
09/10/2014,0.108099529,-0.014159121
09/11/2014,0.108401027,-0.001428159
09/12/2014,0.108099529,0.009162426
09/15/2014,0.108099529,-0.002377072
09/16/2014,0.108099529,-0.01306745
09/17/2014,0.108099529,0.005314673
09/18/2014,0.108099529,0.010149131
09/19/2014,0.108099529,0.017002032
09/22/2014,0.108099529,0.013807335
09/23/2014,0.108099529,0.018103737
09/24/2014,0.108401027,0.007012729
09/25/2014,0.108401027,-0.010522765
09/26/2014,0.108401027,0.019023719
09/29/2014,0.108099529,-0.004611583
09/30/2014,0.108099529,0.04502442
10/01/2014,0.108099529,-0.006596645
10/02/2014,0.108099529,0.019095348
10/03/2014,0.108099529,0.011534305
10/06/2014,0.108099529,-0.007019407
10/07/2014,0.108099529,-0.057532429
10/08/2014,0.108401027,-0.011079909
10/09/2014,0.108401027,0.010913824
10/10/2014,0.108401027,-0.008205623
10/13/2014,0.108401027,-0.001008365
10/14/2014,0.108099529,-0.004233636
10/15/2014,0.108401027,0.010866078
10/16/2014,0.108099529,0.010400983
10/17/2014,0.108401027,0.009727186
10/20/2014,0.108401027,0.002684534
10/21/2014,0.108401027,0.008033666
10/22/2014,0.108401027,-0.005201694
10/23/2014,0.108401027,-0.019729969
10/24/2014,0.108401027,-0.009345817
10/27/2014,0.108401027,0.009683422
10/28/2014,0.108401027,0.014660607
10/29/2014,0.108401027,-0.003753652
10/30/2014,0.108401027,0.00051045
10/31/2014,0.110899904,0.013538618
11/03/2014,0.110600526,0.003941107
11/04/2014,0.110600526,0.000760165
11/05/2014,0.110600526,0.003362195
11/06/2014,0.110899904,0.010986255
11/07/2014,0.110899904,0.004294342
11/10/2014,0.110899904,-0.000687706
11/11/2014,0.110899904,-0.008912103
11/12/2014,0.110899904,0.000988969
11/13/2014,0.110899904,-0.000224929
11/14/2014,0.110899904,-0.002829517
11/17/2014,0.110899904,-0.006744037
11/18/2014,0.110899904,0.000907021
11/19/2014,0.110899904,-0.003658287
11/20/2014,0.110899904,-0.000158755
11/21/2014,0.110899904,-0.011350319
11/24/2014,0.110899904,-0.010520054
11/25/2014,0.110899904,-0.00304937
11/26/2014,0.110899904,0.007167708
11/27/2014,0.110899904,0.013242403
11/28/2014,0.110899904,-0.001892536
12/01/2014,0.110600526,0.004633407
12/02/2014,0.110600526,0.001666968
12/03/2014,0.110600526,0.00915505
12/04/2014,0.110899904,0.023207644
12/05/2014,0.115900448,-0.031395065
12/08/2014,0.115900448,0.000993932
12/09/2014,0.115900448,-0.002714356
12/10/2014,0.115700896,-0.005511867
12/11/2014,0.115700896,0.008641438
12/12/2014,0.115900448,-0.004968739
12/15/2014,0.115900448,0.005596481
12/16/2014,0.115900448,0.027242684
12/17/2014,0.115900448,0.040632094
12/18/2014,0.115900448,-0.000694471
12/19/2014,0.115900448,-0.015246128
12/22/2014,0.115900448,-0.000762579
12/23/2014,0.115900448,-0.004711999
12/24/2014,0.115700896,-0.000158755
12/26/2014,0.115700896,0.013040518
12/29/2014,0.115700896,0.000552338
12/30/2014,0.115900448,0.005813521
12/31/2014,0.115700896,-0.000127698
01/02/2015,0.115700896,-0.01500634
01/05/2015,0.115700896,-0.006898467
01/06/2015,0.115700896,-0.009781077
01/07/2015,0.115700896,-0.013223393
01/08/2015,0.115700896,0.00290037
01/09/2015,0.115700896,0.007796587
01/12/2015,0.115700896,0.005899045
01/13/2015,0.115700896,0.008926256
01/14/2015,0.115700896,0.007681726
01/15/2015,0.115700896,-0.003768167
01/16/2015,0.115700896,-0.00039306
01/19/2015,0.115700896,0.003058015
01/20/2015,0.115700896,0.005253077
01/21/2015,0.115700896,-0.003342554
01/22/2015,0.115700896,0.002742291
01/23/2015,0.120900825,-0.002428254
01/26/2015,0.120799188,-0.003775639
01/27/2015,0.120799188,0.001843479
01/28/2015,0.120799188,-0.006538305
01/29/2015,0.120799188,0.002154273
01/30/2015,0.120799188,-0.004892012
02/02/2015,0.120799188,-0.008364221
02/03/2015,0.120799188,-0.001205001
02/04/2015,0.120900825,0.008725955
02/05/2015,0.120900825,-0.003060683
02/06/2015,0.120900825,0.007121295
02/09/2015,0.120900825,-0.002480417
02/10/2015,0.120900825,0.011013021
02/11/2015,0.120900825,0.003317793
02/12/2015,0.120900825,0.033037044
02/13/2015,0.120900825,-0.018643188
02/18/2015,0.120900825,-0.004050607
02/19/2015,0.120900825,0.002071934
02/20/2015,0.120900825,0.009266886
02/23/2015,0.120900825,0.004328289
02/24/2015,0.120900825,-0.002140202
02/25/2015,0.120900825,-0.022676237
02/26/2015,0.120900825,0.014971841
02/27/2015,0.120900825,0.009050434
03/02/2015,0.120900825,-0.009987438
03/03/2015,0.120900825,0.0025478
03/04/2015,0.120900825,0.001804256
03/05/2015,0.120900825,0.012195686
03/06/2015,0.126000094,0.013173413
03/09/2015,0.126000094,0.026237668
03/10/2015,0.126000094,0.049406531
03/11/2015,0.126000094,-0.009680845
03/12/2015,0.126000094,0.002993577
03/13/2015,0.126000094,0.021824197
03/16/2015,0.126000094,0.010686258
03/17/2015,0.126000094,-0.002999051
03/18/2015,0.126000094,-0.0092186
03/19/2015,0.126000094,-0.006234106
03/20/2015,0.126000094,0.013486663
03/23/2015,0.126000094,-0.008903545
03/24/2015,0.126099365,-0.002982146
03/25/2015,0.126099365,-0.006671081
03/26/2015,0.126099365,0.004763027
03/27/2015,0.126099365,0.006126173
03/30/2015,0.126099365,0.011943564
03/31/2015,0.126000094,0.005695565
04/01/2015,0.126000094,-7.74984E-05
04/02/2015,0.126000094,0.016851911
04/06/2015,0.126000094,-0.004677356
04/07/2015,0.126000094,-0.007747364
04/08/2015,0.126000094,0.009800795
04/09/2015,0.126000094,0.004209606
04/10/2015,0.126000094,-0.010566028
04/13/2015,0.126000094,-0.00228631
04/14/2015,0.126000094,0.006357148
04/15/2015,0.126000094,0.010488124
04/16/2015,0.126000094,-0.003753643
04/17/2015,0.126000094,0.007954459
04/20/2015,0.126000094,-0.008669962
04/22/2015,0.126000094,0.001277403
04/23/2015,0.126000094,0.003569011
04/24/2015,0.126000094,0.001531497
04/27/2015,0.126000094,0.005930208
04/28/2015,0.126099365,0.008291374
04/29/2015,0.126198644,-0.003918535
04/30/2015,0.126198644,0.002332166
05/04/2015,0.131099676,-0.013336504
05/05/2015,0.131099676,-0.009094349
05/06/2015,0.131299122,0.005064876
05/07/2015,0.131299122,-0.004851716
05/08/2015,0.131299122,0.014625887
05/11/2015,0.131299122,0.010334149
05/12/2015,0.131299122,0.007429357
05/13/2015,0.131299122,0.003789463
05/14/2015,0.131299122,0.007653264
05/15/2015,0.131299122,-0.003655189
05/18/2015,0.131299122,-0.004296386
05/19/2015,0.131299122,0.007902501
05/20/2015,0.131299122,0.005543627
05/21/2015,0.131299122,0.000121938
05/22/2015,0.131299122,0.009390986
05/25/2015,0.131299122,-0.001571062
05/26/2015,0.131299122,0.003400575
05/27/2015,0.131299122,-0.001580114
05/28/2015,0.131299122,0.005501065
05/29/2015,0.131299122,0.00916249
06/01/2015,0.131299122,0.012923813
06/02/2015,0.131299122,0.012341093
06/03/2015,0.131299122,-0.003930001
06/05/2015,0.131299122,0.003374911
06/08/2015,0.136399709,0.01341999
06/09/2015,0.136399709,-0.001315962
06/10/2015,0.136399709,0.005056213
06/11/2015,0.136399709,0.013358265
06/12/2015,0.136399709,0.012565316
06/15/2015,0.136399709,0.001775887
06/16/2015,0.136399709,0.014029216
06/17/2015,0.136399709,-0.005789212
06/18/2015,0.136399709,-0.011628244
06/19/2015,0.136399709,0.003065243
06/22/2015,0.136399709,-0.001094423
06/23/2015,0.136399709,-0.004544467
06/24/2015,0.136399709,-0.002458256
06/25/2015,0.136399709,0.012284408
06/26/2015,0.136399709,0.006903746
06/29/2015,0.136399709,0.001777281
06/30/2015,0.136399709,-0.005764562
07/01/2015,0.136399709,0.002454281
07/02/2015,0.136399709,0.011170269
07/03/2015,0.136399709,-0.012612783
07/06/2015,0.136399709,-0.007698915
07/07/2015,0.136399709,0.007300846
07/08/2015,0.136399709,0.004625835
07/09/2015,0.136399709,-0.000158755
07/10/2015,0.136399709,0.004403302
07/13/2015,0.136399709,-0.00198703
07/14/2015,0.136399709,-0.009708306
07/15/2015,0.136399709,-0.004873546
07/16/2015,0.136399709,-0.00152034
07/17/2015,0.136399709,0.006540499
07/20/2015,0.136399709,-0.000107022
07/21/2015,0.136399709,0.002198231
07/22/2015,0.136399709,0.004666556
07/23/2015,0.136399709,0.009467374
07/24/2015,0.136399709,-0.021122953
07/27/2015,0.136399709,0.008526355
07/28/2015,0.136399709,0.010663671
07/29/2015,0.136399709,0.002642263
07/30/2015,0.136399709,-0.011995631
07/31/2015,0.141298963,0.012873035
08/03/2015,0.141298963,0.000968654
08/04/2015,0.141298963,0.010611869
08/05/2015,0.141298963,0.000892923
08/06/2015,0.141298963,0.017981048
08/07/2015,0.141298963,-0.00069232
08/10/2015,0.141298963,0.010163509
08/11/2015,0.141298963,-0.030630585
08/12/2015,0.141298963,0.006982198
08/13/2015,0.141298963,-0.005473372
08/14/2015,0.141298963,0.008290711
08/17/2015,0.141298963,-0.004813336
08/18/2015,0.141298963,0.00084853
08/19/2015,0.141298963,-0.004655345
08/20/2015,0.141298963,0.014349038
08/21/2015,0.141298963,-0.001205005
08/24/2015,0.141298963,-0.011048595
08/25/2015,0.141298963,0.026150996
08/26/2015,0.141298963,0.009476122
08/27/2015,0.141298963,0.000558449
08/28/2015,0.141298963,-0.015617856
08/31/2015,0.141298963,-0.004948289
09/01/2015,0.141298963,0.015424179
09/02/2015,0.141298963,0.015175591
09/03/2015,0.141298963,0.019181752
09/04/2015,0.141298963,0.013443025
09/08/2015,0.141298963,0.013972256
09/09/2015,0.141298963,-0.007550781
09/10/2015,0.141298963,-0.00239458
09/11/2015,0.141298963,0.021876241
09/14/2015,0.141298963,-0.008910788
09/15/2015,0.141298963,-0.014543905
09/16/2015,0.141298963,0.006365591
09/17/2015,0.141298963,-0.001622936
09/18/2015,0.141298963,0.013578238
09/21/2015,0.141298963,0.027495794
09/22/2015,0.141298963,0.006020193
09/23/2015,0.141298963,0.029625985
09/24/2015,0.141298963,0.028720258
09/25/2015,0.141298963,-0.016362158
09/28/2015,0.141298963,-0.008475482
09/29/2015,0.141298963,0.02757526
09/30/2015,0.141298963,-0.008969623
10/01/2015,0.141298963,-0.002515802
10/02/2015,0.141298963,0.030093362
10/05/2015,0.141298963,-0.0254724
10/06/2015,0.141298963,-0.008649305
10/07/2015,0.141298963,0.000668143
10/08/2015,0.141298963,0.01666638
10/09/2015,0.141298963,-0.000969516
10/13/2015,0.141298963,0.016510737
10/14/2015,0.141298963,0.003944757
10/15/2015,0.141298963,0.006812582
10/16/2015,0.141298963,-0.007404109
10/19/2015,0.141298963,-0.0057278
10/20/2015,0.141298963,-0.00354415
10/21/2015,0.141298963,-0.004102979
10/22/2015,0.141298963,-0.003778304
10/23/2015,0.141399577,0.008693702
10/26/2015,0.141399577,0.000197776
10/27/2015,0.141399577,0.004083494
10/28/2015,0.141399577,-0.002563673
10/29/2015,0.141399577,-0.001401355
10/30/2015,0.141399577,-0.006530627
11/03/2015,0.141399577,0.000554022
11/04/2015,0.141399577,-0.001083602
11/05/2015,0.141399577,0.002325605
11/06/2015,0.141399577,-0.000692707
11/09/2015,0.141399577,0.001400806
11/10/2015,0.141399577,0.006812286
11/11/2015,0.141399577,-0.002679231
11/12/2015,0.141399577,0.001656966
11/13/2015,0.141399577,0.007045941
11/16/2015,0.141399577,0.00148348
11/17/2015,0.141399577,-0.005668458
11/18/2015,0.141399577,0.003091406
11/19/2015,0.141399577,0.00494547
11/20/2015,0.141399577,-0.000158755
11/23/2015,0.141399577,-0.000166477
11/24/2015,0.141399577,0.013976513
11/25/2015,0.141399577,0.011583916
11/26/2015,0.141399577,-0.004035405
11/27/2015,0.141399577,0.015010403
11/30/2015,0.141399577,-0.005059091
12/01/2015,0.141399577,-0.012985282
12/02/2015,0.141399577,0.001589572
12/03/2015,0.141399577,0.005927394
12/04/2015,0.141399577,-0.004873239
12/07/2015,0.141399577,-0.010060795
12/08/2015,0.141399577,-0.002894344
12/09/2015,0.141399577,0.001534576
12/10/2015,0.141399577,0.001478981
12/11/2015,0.141399577,0.003648355
12/14/2015,0.141399577,0.010445177
12/15/2015,0.141399577,-0.002301392
12/16/2015,0.141399577,-0.002883556
12/17/2015,0.141399577,-0.00449362
12/18/2015,0.141399577,-0.005661522
12/21/2015,0.141399577,0.004064858
12/22/2015,0.141399577,0.008673212
12/23/2015,0.141399577,-0.000171121
12/24/2015,0.141399577,-0.000158755
12/28/2015,0.141399577,0.006132052
12/29/2015,0.141399577,-0.019175054
12/30/2015,0.141399577,0.004170682
12/31/2015,0.141399577,-0.000158755
01/04/2016,0.141399577,0.004750095
01/05/2016,0.141399577,0.006630881
01/06/2016,0.141399577,-0.012981285
01/07/2016,0.141399577,-0.005195345
01/08/2016,0.141399577,-0.008784753
01/11/2016,0.141399577,-0.003277125
01/12/2016,0.141399577,-0.009001444
01/13/2016,0.141399577,-0.000393868
01/14/2016,0.141399577,0.002769495
01/15/2016,0.141399577,-0.002818849
01/18/2016,0.141399577,-0.007433607
01/19/2016,0.141399577,0.007413718
01/20/2016,0.141399577,0.009053175
01/21/2016,0.141399577,0.005973403
01/22/2016,0.141298963,0.035024622
01/25/2016,0.141298963,-0.000128267
01/26/2016,0.141298963,0.003486279
01/27/2016,0.141298963,0.005111597
01/28/2016,0.141298963,-0.001985782
01/29/2016,0.141298963,0.014469258
02/01/2016,0.141298963,-0.010454557
02/02/2016,0.141298963,-0.002103212
02/03/2016,0.141298963,0.009551654
02/04/2016,0.141298963,-0.002807942
02/05/2016,0.141298963,-0.010673437
02/10/2016,0.141298963,-0.002486575
02/11/2016,0.141298963,0.012492916
02/12/2016,0.141298963,-0.009304439
02/15/2016,0.141298963,-0.000708412
02/16/2016,0.141298963,0.012395419
02/17/2016,0.141298963,0.010601697
02/18/2016,0.141298963,0.011120587
02/19/2016,0.141298963,-0.005809254
02/22/2016,0.141298963,0.008342149
02/23/2016,0.141298963,0.006674078
02/24/2016,0.141298963,-0.003326833
02/25/2016,0.141298963,0.00479441
02/26/2016,0.141298963,0.000725514
02/29/2016,0.141298963,0.001662287
03/01/2016,0.141298963,0.008121261
03/02/2016,0.141298963,0.018264003
03/03/2016,0.141298963,0.011622804
03/04/2016,0.141298963,0.017437379
03/07/2016,0.141298963,-0.001163325
03/08/2016,0.141298963,0.000626519
03/09/2016,0.141298963,0.01568619
03/10/2016,0.141298963,0.017339439
03/11/2016,0.141298963,0.012055947
03/14/2016,0.141298963,0.012713842
03/15/2016,0.141298963,0.006348311
03/16/2016,0.141298963,-0.01181388
03/17/2016,0.141298963,0.004608764
03/18/2016,0.141298963,0.015494408
03/21/2016,0.141298963,-0.001106519
03/22/2016,0.141298963,0.005243452
03/23/2016,0.141298963,0.011612356
03/24/2016,0.141298963,-0.005265153
03/28/2016,0.141298963,-0.002608855
03/29/2016,0.141298963,0.009192152
03/30/2016,0.141298963,0.00172721
03/31/2016,0.141298963,-0.00175521